model,accuracy,precision,recall,f1_score
xgboost,1.0,1.0,1.0,1.0
logistic_regression,0.9939148073022313,0.9939568902392836,0.9939148073022313,0.993560255918268
