model,accuracy,precision,recall,f1_score
xgboost,1.0,1.0,1.0,1.0
logistic_regression,0.997979797979798,0.9979880437023294,0.997979797979798,0.9979414595856313
